﻿{
  "UserNotMatch": "Tài khoản hoặc mật khẩu không đúng",
  "UserNameExist": "Tài khoản này đã có người sử dụng",
  "EmailExist": "Email này đã tồn tại!",
  "EmailInvalid": "Email không hợp lệ!",
  "LinkInvalid": "This link has expired",
  "SameOldPassword": "Old password and new password cannot be the same. Please check again",
  "OldPasswordNotCorrect": "Current password is incorret. Please check again",
  "UserIsBlocked": "Your account is locked. Please contact admin for assistance",
  "AccountIsBlocked": "Your account is being locked. Please contact admin for assistance",
  "RoleExists": "Role Name have been existed. Please check again",
  "QRExist": "This QR have existed. Please check again",
  "QRExistBulk": "QR have existed: ",
  "FileNull": "Request must not be null",
  "FileInvalid": "Invalid File",
  "BankNameExists": "Bank Name have been existed. Please check again",
  "BankCodeExists": "Bank Code have been existed. Please check again",
  "BankCodeIsNull": "Select the BANK CODE",
  "QRExcelInvalid": "Please select the upload file with number of lines > 0 and <= 500",
  "RateLimit": "Too many requests, please try again later.",
  "RoleNameNotNull": "Vui lòng nhập tên quyền",
  "RoleNameMaxLength": "Tên quyền có độ dài tối đa là {0}",
  "RoleDescriptionMaxLength": "Mô tả có độ dài tối đa là {0}",
  "UserNameNotNull": "Vui lòng nhập User",
  "NotNull": "Vui lòng nhập {0}",
  "MinLength": "Độ dài {0} ít nhất là {1} ký tự",
  "MaxLength": "Độ dài {0} không được quá {1} ký tự"
}